,M_t,F_t,C_t,Q_t,REPORT_VALID,event_risk_multiplier
2025-01-02 00:00:00-05:00,0.008120071327876387,0.0,0.9991879928672124,1.0,True,1.0
2025-01-03 00:00:00-05:00,0.008120071327876387,0.0,0.9991879928672124,1.0,True,1.0
2025-01-04 00:00:00-05:00,0.008120071327876387,0.0,0.9991879928672124,1.0,True,1.0
2025-01-05 00:00:00-05:00,0.008120071327876387,0.0,0.9991879928672124,0.8142857142857144,False,1.0
2025-01-06 00:00:00-05:00,0.008120071327876387,0.0,0.9991879928672124,1.0,True,1.0
2025-01-07 00:00:00-05:00,0.008120071327876387,0.022421922733709975,0.9969458005938414,1.0,True,1.0
2025-01-08 00:00:00-05:00,0.008120071327876387,0.03129065110116174,0.9960589277570963,1.0,True,1.0
2025-01-09 00:00:00-05:00,0.008120071327876387,-0.0147212116391364,0.9950438322619173,0.9111111111111112,False,1.0
2025-01-10 00:00:00-05:00,0.008120071327876387,0.0,0.9991879928672124,0.9111111111111112,False,1.0
2025-01-11 00:00:00-05:00,0.3581200713278764,0.012054561120156678,0.9629825367551967,0.8472222222222223,False,1.0
2025-01-12 00:00:00-05:00,0.3581200713278764,0.0,0.9641879928672124,0.6615079365079365,False,1.0
2025-01-13 00:00:00-05:00,0.3581200713278764,-0.003690773942569619,0.9645570702614693,0.8472222222222223,False,1.0
2025-01-14 00:00:00-05:00,0.3581200713278764,-0.009632623024858082,0.9651512551696981,0.8472222222222223,False,1.0
2025-01-15 00:00:00-05:00,0.3581200713278764,-0.008205511774573217,0.9650085440446696,0.8472222222222223,False,1.0
2025-01-16 00:00:00-05:00,0.3581200713278764,0.05863658484620783,0.9583243343825916,0.8416666666666668,False,1.0
2025-01-17 00:00:00-05:00,0.3581200713278764,0.0,0.9641879928672124,0.8416666666666668,False,1.0
2025-01-18 00:00:00-05:00,0.3581200713278764,0.005141632566062899,0.963673829610606,0.8416666666666668,False,1.0
2025-01-19 00:00:00-05:00,0.3581200713278764,0.0,0.9641879928672124,0.655952380952381,False,1.0
2025-01-20 00:00:00-05:00,0.3581200713278764,0.02042607760571706,0.9621453851066406,0.8416666666666668,False,1.0
2025-01-21 00:00:00-05:00,0.3581200713278764,0.017276237553500527,0.9624603691118623,0.8416666666666668,False,1.0
2025-01-22 00:00:00-05:00,0.3581200713278764,0.1007054351430273,0.9541174493529097,0.8416666666666668,False,1.0
2025-01-23 00:00:00-05:00,0.3581200713278764,0.11385597183995284,0.952802395683217,0.8416666666666668,False,1.0
2025-01-24 00:00:00-05:00,0.2414534046612097,0.0469508109278025,0.9711595784410988,0.8500000000000001,False,0.8
2025-01-25 00:00:00-05:00,0.2414534046612097,0.033676263248698296,0.9724870332090092,0.8500000000000001,False,1.0
2025-01-26 00:00:00-05:00,0.2414534046612097,0.0,0.9758546595338791,0.6642857142857143,False,1.0
2025-01-27 00:00:00-05:00,0.2414534046612097,0.016888606989549762,0.974165798834924,0.8500000000000001,False,1.0
2025-01-28 00:00:00-05:00,0.2414534046612097,-0.06850216360586855,0.9803358770802695,0.8500000000000001,False,1.0
2025-01-29 00:00:00-05:00,0.2414534046612097,-0.040484691713490284,0.979903128705228,0.8500000000000001,False,1.0
2025-01-30 00:00:00-05:00,0.1831200713278764,-0.010289789509690027,0.9827169718181814,0.8520833333333333,False,1.0
2025-01-31 00:00:00-05:00,0.1831200713278764,0.04736092868979861,0.9769518999982325,0.9,False,1.0
2025-02-01 00:00:00-05:00,0.1831200713278764,0.01563457343830118,0.9801245355233823,0.9,False,1.0
2025-02-02 00:00:00-05:00,0.1831200713278764,0.0,0.9816879928672124,0.7142857142857143,False,1.0
2025-02-03 00:00:00-05:00,0.1831200713278764,0.015237177017370544,0.9801642751654753,0.9239583333333334,False,1.0
2025-02-04 00:00:00-05:00,0.1831200713278764,0.042608538949782206,0.9774271389722342,0.9239583333333334,False,1.0
2025-02-05 00:00:00-05:00,0.1831200713278764,0.013695493332516587,0.9774829196024257,0.9239583333333334,False,1.0
2025-02-06 00:00:00-05:00,0.1831200713278764,0.05581413262938271,0.976106579604274,0.9239583333333334,False,1.0
2025-02-07 00:00:00-05:00,0.1831200713278764,0.03404165316516256,0.9782838275506961,0.9239583333333334,False,1.0
2025-02-08 00:00:00-05:00,0.20812007132787638,0.057391150292449705,0.9734488778379674,0.9239583333333334,False,1.0
2025-02-09 00:00:00-05:00,0.20812007132787638,0.0,0.9791879928672124,0.7382440476190476,False,1.0
2025-02-10 00:00:00-05:00,0.20812007132787638,0.034432111792788676,0.9757447816879335,0.9239583333333334,False,1.0
2025-02-11 00:00:00-05:00,0.20812007132787638,0.006911592408525395,0.9784968336263599,0.9239583333333334,False,1.0
2025-02-12 00:00:00-05:00,0.20812007132787638,-0.0273980283403527,0.9819277957012477,0.9239583333333334,False,1.0
2025-02-13 00:00:00-05:00,0.1831200713278764,0.03356634486662454,0.97833135838055,0.9239583333333334,False,1.0
2025-02-14 00:00:00-05:00,0.14312007132787638,0.026169044486575685,0.9830710884185548,0.9027777777777779,False,1.0
2025-02-15 00:00:00-05:00,0.14312007132787638,0.021490447877233823,0.983538948079489,0.9027777777777779,False,1.0
2025-02-16 00:00:00-05:00,0.14312007132787638,0.0,0.9856879928672124,0.7170634920634921,False,1.0
2025-02-17 00:00:00-05:00,0.14312007132787638,0.08643360215705714,0.9770446326515067,0.9027777777777779,False,1.0
2025-02-18 00:00:00-05:00,0.12367562688343192,0.05627486118580402,0.9820049511930764,0.9027777777777779,False,0.8
2025-02-19 00:00:00-05:00,0.12367562688343192,0.05600575458509874,0.982031861853147,0.9027777777777779,False,1.0
2025-02-20 00:00:00-05:00,0.12367562688343192,0.06841533089953974,0.9807909042217029,0.9027777777777779,False,1.0
2025-02-21 00:00:00-05:00,0.12367562688343192,0.054150499465629165,0.9822173873650939,0.9027777777777779,False,1.0
2025-02-22 00:00:00-05:00,0.12367562688343192,0.005426238657378881,0.987089813445919,0.9175925925925927,False,1.0
2025-02-23 00:00:00-05:00,0.12367562688343192,0.0,0.9876324373116568,0.7318783068783069,False,1.0
2025-02-24 00:00:00-05:00,0.12367562688343192,0.054115383674543646,0.9822208989442024,0.9175925925925927,False,1.0
2025-02-25 00:00:00-05:00,0.12367562688343192,-0.04624702524849694,0.9872959551270234,0.9175925925925927,False,1.0
2025-02-26 00:00:00-05:00,0.12367562688343192,-0.10730206092966718,0.9871624835716929,0.9175925925925927,False,1.0
2025-02-27 00:00:00-05:00,0.12367562688343192,-0.12967628765171735,0.9872172118728164,0.9324074074074074,False,1.0
2025-02-28 00:00:00-05:00,0.12367562688343192,-0.0516562300811468,0.9898741352033624,0.9324074074074074,False,1.0
2025-03-01 00:00:00-05:00,0.12367562688343192,-0.07475679740393851,0.991627248952093,0.9324074074074074,False,1.0
2025-03-02 00:00:00-05:00,0.12367562688343192,0.0,0.9876324373116568,0.7466931216931217,False,1.0
2025-03-03 00:00:00-05:00,0.12367562688343192,-0.05083458411491802,0.9923000485294675,0.9324074074074074,False,1.0
2025-03-04 00:00:00-05:00,0.12367562688343192,-0.10612833817001888,0.9844241887792139,0.9324074074074074,False,1.0
2025-03-05 00:00:00-05:00,0.12367562688343192,-0.017147867159657375,0.9835056788757786,0.9324074074074074,False,1.0
2025-03-06 00:00:00-05:00,0.12367562688343192,0.0006997602141214504,0.9744769138062175,0.9324074074074074,False,1.0
2025-03-07 00:00:00-05:00,0.10812007132787638,-0.06149089815072334,0.9852437937198313,0.9324074074074074,False,1.0
2025-03-08 00:00:00-05:00,0.0766762210604967,0.06966219801714746,0.9853661580922355,0.9324074074074074,False,1.0
2025-03-09 00:00:00-05:00,0.0766762210604967,0.0,0.9923323778939503,0.7466931216931217,False,1.0
2025-03-10 00:00:00-04:00,0.0766762210604967,0.03832675888206395,0.988499702005744,0.9324074074074074,False,1.0
2025-03-11 00:00:00-04:00,0.0766762210604967,-0.19165894317045273,0.9800737518908966,0.9324074074074074,False,1.0
2025-03-12 00:00:00-04:00,0.0766762210604967,-0.1241520913602688,0.9806410075382999,0.9324074074074074,False,1.0
2025-03-13 00:00:00-04:00,0.06762987524944501,-0.06968962827953917,0.9814979653865915,0.9324074074074074,False,1.0
2025-03-14 00:00:00-04:00,0.06762987524944501,-0.04963006495406188,0.9852104453611308,0.9472222222222222,False,1.0
2025-03-15 00:00:00-04:00,0.06762987524944501,0.04649892797129593,0.9885871196779259,0.9472222222222222,False,1.0
2025-03-16 00:00:00-04:00,0.06762987524944501,0.0,0.9932370124750555,0.7615079365079366,False,1.0
2025-03-17 00:00:00-04:00,0.06762987524944501,0.07538443517541729,0.9856985689575137,0.9472222222222222,False,1.0
2025-03-18 00:00:00-04:00,0.027629875249445005,0.016348289724901738,0.9831744720916351,0.962037037037037,False,1.0
2025-03-19 00:00:00-04:00,0.019975274947785865,0.010335112748782488,0.9831408722737489,0.962037037037037,False,0.8
2025-03-20 00:00:00-04:00,0.013414188974935196,0.0562675475936514,0.9861096994520302,0.962037037037037,False,1.0
2025-03-21 00:00:00-04:00,0.013414188974935196,0.01529832094245203,0.9880687410254598,0.962037037037037,False,1.0
2025-03-22 00:00:00-04:00,0.013414188974935196,-0.017963324061576122,0.9982036675938424,0.962037037037037,False,1.0
2025-03-23 00:00:00-04:00,0.013414188974935196,0.0,0.9986585811025065,0.7763227513227514,False,1.0
2025-03-24 00:00:00-04:00,0.013414188974935196,0.009276827465521427,0.9977308983559543,0.962037037037037,False,1.0
2025-03-25 00:00:00-04:00,0.013414188974935196,0.053506209412955655,0.9932335525510576,0.962037037037037,False,1.0
2025-03-26 00:00:00-04:00,0.013414188974935196,0.10904878975665483,0.9876579525299622,0.962037037037037,False,1.0
2025-03-27 00:00:00-04:00,0.013414188974935196,0.06167915022170361,0.9924906660803361,0.962037037037037,False,1.0
2025-03-28 00:00:00-04:00,0.013414188974935196,0.0256014812559673,0.9946217703013918,0.9768518518518519,False,1.0
2025-03-29 00:00:00-04:00,0.013414188974935196,0.03505155519266524,0.9951534255832399,0.9768518518518519,False,1.0
2025-03-30 00:00:00-04:00,0.013414188974935196,0.0,0.9986585811025065,0.7911375661375663,False,1.0
2025-03-31 00:00:00-04:00,0.013414188974935196,0.07695708472046849,0.9909628726304596,0.9768518518518519,False,1.0
2025-04-01 00:00:00-04:00,0.013414188974935196,0.019993089908732685,0.9875440052808637,0.9768518518518519,False,1.0
2025-04-02 00:00:00-04:00,0.013414188974935196,0.011005561429562088,0.9947086075985889,0.9768518518518519,False,1.0
2025-04-03 00:00:00-04:00,0.013414188974935196,-0.011477882090319455,0.9945563390254418,0.9768518518518519,False,1.0
2025-04-04 00:00:00-04:00,0.013414188974935196,-0.030088235590880478,0.9963875965571868,0.9768518518518519,False,1.0
2025-04-05 00:00:00-04:00,0.0310612477984646,-0.11539752892299157,0.9884602471077009,0.9768518518518519,False,1.0
2025-04-06 00:00:00-04:00,0.0310612477984646,0.0,0.9968938752201535,0.7911375661375663,False,1.0
2025-04-07 00:00:00-04:00,0.0310612477984646,-0.1555609343494525,0.9844439065650548,0.9768518518518519,False,1.0
2025-04-08 00:00:00-04:00,0.0310612477984646,-0.25501243221869896,0.9760518191680534,0.9768518518518519,False,1.0
2025-04-09 00:00:00-04:00,0.0310612477984646,-0.31714460662371835,0.9698386017275513,0.9768518518518519,False,1.0
2025-04-10 00:00:00-04:00,0.0310612477984646,0.1888026995351078,0.9780136052666428,0.9768518518518519,False,1.0
2025-04-11 00:00:00-04:00,0.002752424269052839,-0.014598529403423429,0.9945355504504008,0.9768518518518519,False,1.0
2025-04-12 00:00:00-04:00,0.002752424269052839,0.13986062989629244,0.9857386945834654,0.9768518518518519,False,1.0
2025-04-13 00:00:00-04:00,0.002752424269052839,0.0,0.9997247575730948,0.7911375661375663,False,1.0
2025-04-14 00:00:00-04:00,0.002752424269052839,0.1732898840792561,0.982395769165169,0.9768518518518519,False,1.0
2025-04-15 00:00:00-04:00,0.002752424269052839,0.048941436905206886,0.9817221417317561,0.9768518518518519,False,1.0
2025-04-16 00:00:00-04:00,0.002752424269052839,0.06215393193595489,0.9895916413307506,0.9768518518518519,False,1.0
2025-04-17 00:00:00-04:00,0.002752424269052839,-0.011446470052561664,0.9847324061220974,0.9768518518518519,False,1.0
2025-04-18 00:00:00-04:00,-0.04163771413925163,0.004451043785264709,0.9936361702082459,0.9916666666666667,False,1.0
2025-04-19 00:00:00-04:00,-0.04163771413925163,0.0,0.9958362285860749,0.8059523809523809,False,1.0
2025-04-20 00:00:00-04:00,-0.04163771413925163,0.0,0.9958362285860749,0.8059523809523809,False,1.0
2025-04-21 00:00:00-04:00,-0.04163771413925163,0.04756504537004386,0.9931616097560332,0.9916666666666667,False,1.0
2025-04-22 00:00:00-04:00,-0.04163771413925163,0.010699028022357199,0.9792952636138734,1.0,True,1.0
2025-04-23 00:00:00-04:00,-0.04163771413925163,0.08083309504007444,0.9939985762029553,1.0,True,1.0
2025-04-24 00:00:00-04:00,-0.04163771413925163,0.05753214574687918,0.9937601943225138,1.0,True,1.0
2025-04-25 00:00:00-04:00,-0.04163771413925163,0.1855799970985288,0.9835238859971098,1.0,True,1.0
2025-04-26 00:00:00-04:00,-0.04163771413925163,-0.010323401296402388,0.9948038884564347,1.0,True,1.0
2025-04-27 00:00:00-04:00,-0.04163771413925163,0.0,0.9958362285860749,0.8142857142857144,False,1.0
2025-04-28 00:00:00-04:00,-0.04163771413925163,0.08568099541845187,0.9914319004581549,1.0,True,1.0
2025-04-29 00:00:00-04:00,-0.04163771413925163,0.2572437851686567,0.976357507190097,1.0,True,1.0
2025-04-30 00:00:00-04:00,-0.04163771413925163,0.07301160766574771,0.9947807249403877,1.0,True,1.0
2025-05-01 00:00:00-04:00,-0.06498450383552229,0.03472136142385263,0.9892199023030783,1.0,True,1.0
2025-05-02 00:00:00-04:00,-0.06498450383552229,0.03630520509973647,0.9954097134595575,1.0,True,1.0
2025-05-03 00:00:00-04:00,-0.08587373672165921,-0.02199048514222385,0.9892135778136116,1.0,True,1.0
2025-05-04 00:00:00-04:00,-0.08587373672165921,0.0,0.9914126263278341,0.8142857142857144,False,1.0
2025-05-05 00:00:00-04:00,-0.08587373672165921,-0.012674180968602866,0.9901452082309737,1.0,True,1.0
2025-05-06 00:00:00-04:00,-0.08587373672165921,0.1140625650563521,0.9908519356752491,1.0,True,1.0
2025-05-07 00:00:00-04:00,-0.08587373672165921,0.13463551032987708,0.9898911515550605,1.0,True,1.0
2025-05-08 00:00:00-04:00,-0.08717404631918244,0.10362479879609537,0.9908810961248478,1.0,True,1.0
2025-05-09 00:00:00-04:00,-0.08717404631918244,0.0,0.9912825953680817,1.0,True,1.0
2025-05-10 00:00:00-04:00,-0.08717404631918244,0.015523673845374987,0.9920052295648114,1.0,True,1.0
2025-05-11 00:00:00-04:00,-0.08717404631918244,0.0,0.9912825953680817,0.8142857142857144,False,1.0
2025-05-12 00:00:00-04:00,-0.08717404631918244,-0.06197248940500476,0.9850853464275813,1.0,True,1.0
2025-05-13 00:00:00-04:00,-0.08717404631918244,0.06623197452513317,0.9765607309247144,1.0,True,1.0
2025-05-14 00:00:00-04:00,-0.08717404631918244,0.1362049298382182,0.9770316877884591,1.0,True,1.0
2025-05-15 00:00:00-04:00,-0.08717404631918244,0.07979544450181443,0.9711370516064397,1.0,True,1.0
2025-05-16 00:00:00-04:00,-0.07168385024075105,0.044697698351323284,0.9874311222520527,1.0,True,1.0
2025-05-17 00:00:00-04:00,-0.07168385024075105,-0.034833176423045384,0.9893482973336203,1.0,True,1.0
2025-05-18 00:00:00-04:00,-0.07168385024075105,0.0,0.9928316149759249,0.8142857142857144,False,1.0
2025-05-19 00:00:00-04:00,-0.07168385024075105,-0.04264966540805709,0.9885666484351192,1.0,True,1.0
2025-05-20 00:00:00-04:00,-0.07351094471490435,0.0994845404417598,0.9870066380542276,1.0,True,0.8
2025-05-21 00:00:00-04:00,-0.07351094471490435,0.1333716598671514,0.9892116226474007,1.0,True,1.0
2025-05-22 00:00:00-04:00,-0.07351094471490435,0.1483351198230799,0.9884437719049967,1.0,True,1.0
2025-05-23 00:00:00-04:00,-0.07351094471490435,0.07897884280344368,0.9921402537809815,1.0,True,1.0
2025-05-24 00:00:00-04:00,-0.07351094471490435,0.07173749592484788,0.9928262504075152,1.0,True,1.0
2025-05-25 00:00:00-04:00,-0.07351094471490435,0.0,0.9926489055285096,0.8142857142857144,False,1.0
2025-05-26 00:00:00-04:00,-0.07351094471490435,0.03833405149333241,0.9960905309293456,1.0,True,1.0
2025-05-27 00:00:00-04:00,-0.07351094471490435,0.005112912561018381,0.9931601967846114,1.0,True,1.0
2025-05-28 00:00:00-04:00,-0.07351094471490435,0.10857446983945494,0.9843538347771164,1.0,True,1.0
2025-05-29 00:00:00-04:00,-0.07351094471490435,0.10704948225447941,0.9794549160411569,1.0,True,1.0
2025-05-30 00:00:00-04:00,-0.07351094471490435,0.07452821538017694,0.9895128237561488,1.0,True,1.0
2025-05-31 00:00:00-04:00,-0.07351094471490435,-0.033817806620097944,0.9892671248664998,1.0,True,1.0
2025-06-01 00:00:00-04:00,-0.07351094471490435,0.0,0.9926489055285096,1.0,True,1.0
2025-06-02 00:00:00-04:00,-0.07351094471490435,0.020255154311732405,0.9946744209596828,1.0,True,1.0
2025-06-03 00:00:00-04:00,-0.07351094471490435,0.06896772275541928,0.9896936983499243,1.0,True,1.0
2025-06-04 00:00:00-04:00,-0.07351094471490435,0.11023900214661383,0.9891976217380338,1.0,True,1.0
2025-06-05 00:00:00-04:00,-0.07351094471490435,0.10510676580964548,0.9899748803967238,1.0,True,1.0
2025-06-06 00:00:00-04:00,-0.07517916140869649,0.023996770288061887,0.9870107733070361,1.0,True,1.0
2025-06-07 00:00:00-04:00,-0.07670836004467263,0.028543763150562812,0.9918789149349948,1.0,True,1.0
2025-06-08 00:00:00-04:00,-0.07670836004467263,-0.03461047045189565,0.9888681169503433,1.0,True,1.0
2025-06-09 00:00:00-04:00,-0.07670836004467263,0.05074088109618181,0.9887187961638133,1.0,True,1.0
2025-06-10 00:00:00-04:00,-0.07670836004467263,0.11397336940826171,0.991176663013194,1.0,True,1.0
2025-06-11 00:00:00-04:00,-0.07670836004467263,0.23182865150971635,0.9818652552699889,1.0,True,1.0
2025-06-12 00:00:00-04:00,-0.07811522278977068,0.17465700110428004,0.9900512822928439,1.0,True,1.0
2025-06-13 00:00:00-04:00,-0.07811522278977068,0.02665712530442741,0.9916206568837601,1.0,True,1.0
2025-06-14 00:00:00-04:00,-0.07811522278977068,-0.0025487731943478475,0.9919336004015881,1.0,True,1.0
2025-06-15 00:00:00-04:00,-0.07811522278977068,-0.07726547636963338,0.9844619300840596,1.0,True,1.0
2025-06-16 00:00:00-04:00,-0.07811522278977068,-0.026339435941056595,0.9855139165003411,1.0,True,1.0
2025-06-17 00:00:00-04:00,-0.07941386532370731,0.012857266043374591,0.9886702323967438,1.0,True,0.8
2025-06-18 00:00:00-04:00,-0.07941386532370731,0.05864093907459502,0.9880850007191524,1.0,True,1.0
2025-06-19 00:00:00-04:00,-0.08061631211438941,0.032367549301176024,0.988404078927569,1.0,True,1.0
2025-06-20 00:00:00-04:00,-0.08061631211438941,0.039548600008514075,0.9926199205510413,1.0,True,1.0
2025-06-21 00:00:00-04:00,-0.12061631211438945,-0.09705884158475092,0.978232484630086,1.0,True,1.0
2025-06-22 00:00:00-04:00,-0.12061631211438945,-0.15137071011523706,0.9728012977770373,1.0,True,1.0
2025-06-23 00:00:00-04:00,-0.12061631211438945,-0.16655559054783606,0.9712828097337775,1.0,True,1.0
2025-06-24 00:00:00-04:00,-0.12061631211438945,-0.021836943450118544,0.9857546744435493,1.0,True,1.0
2025-06-25 00:00:00-04:00,-0.12061631211438945,0.009542529732458638,0.9888926217618069,1.0,True,1.0
2025-06-26 00:00:00-04:00,-0.12061631211438945,0.15437037485124067,0.9915975557624918,1.0,True,1.0
2025-06-27 00:00:00-04:00,-0.12061631211438945,0.09332703513041576,0.993615731486251,1.0,True,1.0
2025-06-28 00:00:00-04:00,-0.12061631211438945,0.12490426995288319,0.9893328287313103,1.0,True,1.0
2025-06-29 00:00:00-04:00,-0.12061631211438945,0.0196574734681562,0.9899041161353765,1.0,True,1.0
2025-06-30 00:00:00-04:00,-0.12061631211438945,0.043262368157614764,0.9922646056043226,1.0,True,1.0
2025-07-01 00:00:00-04:00,-0.12061631211438945,0.03325045937392937,0.991263414725954,1.0,True,1.0
2025-07-02 00:00:00-04:00,-0.12061631211438945,0.012098438736114485,0.9891482126621726,1.0,True,1.0
2025-07-03 00:00:00-04:00,-0.12061631211438945,0.15607829058795708,0.9920902093930666,1.0,True,1.0
2025-07-04 00:00:00-04:00,-0.10923286984859423,0.10534375732291729,0.9927694642938274,1.0,True,1.0
2025-07-05 00:00:00-04:00,-0.10923286984859423,0.024433488987430894,0.9915200619138836,1.0,True,1.0
2025-07-06 00:00:00-04:00,-0.10923286984859423,-0.01370550771651917,0.9877061622434886,1.0,True,1.0
2025-07-07 00:00:00-04:00,-0.10923286984859423,0.05395329257061346,0.9896726267568583,1.0,True,1.0
2025-07-08 00:00:00-04:00,-0.10923286984859423,-0.01803854916987577,0.9872728580981529,1.0,True,1.0
2025-07-09 00:00:00-04:00,-0.10923286984859423,0.08895920400031192,0.9889310806751925,1.0,True,1.0
2025-07-10 00:00:00-04:00,-0.10923286984859423,0.22396468306380501,0.9786646394568371,1.0,True,1.0
2025-07-11 00:00:00-04:00,-0.10923286984859423,0.29804319986564975,0.978091564630023,1.0,True,1.0
2025-07-12 00:00:00-04:00,-0.12277242360112972,0.2959048822706131,0.9706846090120639,1.0,True,1.0
2025-07-13 00:00:00-04:00,-0.12277242360112972,0.22562275192599898,0.9712991036273436,1.0,True,1.0
2025-07-14 00:00:00-04:00,-0.12277242360112972,0.31316736672308465,0.9704457379881559,1.0,True,1.0
2025-07-15 00:00:00-04:00,-0.12277242360112972,0.29975786001445337,0.9765678651660749,1.0,True,1.0
2025-07-16 00:00:00-04:00,-0.12277242360112972,0.22740675126818663,0.9809781183936412,1.0,True,1.0
2025-07-17 00:00:00-04:00,-0.12277242360112972,0.2503990112992578,0.9759315109393284,1.0,True,1.0
2025-07-18 00:00:00-04:00,-0.12277242360112972,0.297239198910707,0.9745518272479907,1.0,True,1.0
2025-07-19 00:00:00-04:00,-0.12277242360112972,0.2079854812158746,0.9696963505682378,1.0,True,1.0
2025-07-20 00:00:00-04:00,-0.12277242360112972,0.23235715760076942,0.9706256630598666,1.0,True,1.0
2025-07-21 00:00:00-04:00,-0.12277242360112972,0.2766094985001686,0.9706328980339396,1.0,True,1.0
2025-07-22 00:00:00-04:00,-0.12277242360112972,0.3543032818827752,0.9707200924981132,1.0,True,1.0
2025-07-23 00:00:00-04:00,-0.12277242360112972,0.34837018252260227,0.9734243671639174,1.0,True,1.0
2025-07-24 00:00:00-04:00,-0.12277242360112972,0.3128675028400397,0.9791963188975445,1.0,True,1.0
2025-07-25 00:00:00-04:00,-0.12374267377016286,0.17853574676167083,0.9822907105016296,1.0,True,1.0
2025-07-26 00:00:00-04:00,-0.12374267377016286,0.17837289909064763,0.9807624227723198,1.0,True,1.0
2025-07-27 00:00:00-04:00,-0.12374267377016286,0.14667622771628025,0.9791452435398639,1.0,True,1.0
2025-07-28 00:00:00-04:00,-0.12374267377016286,0.20836250230763947,0.9788045577659258,1.0,True,1.0
2025-07-29 00:00:00-04:00,-0.12374267377016286,0.17362393557308442,0.9718123342918225,1.0,True,1.0
2025-07-30 00:00:00-04:00,-0.12374267377016286,0.19876608930753967,0.9730116262702504,1.0,True,1.0
2025-07-31 00:00:00-04:00,-0.11456375220153542,-0.02454885204582169,0.9648132094948505,1.0,True,1.0
2025-08-01 00:00:00-04:00,-0.11456375220153542,-0.06878967079666493,0.9816646577001799,1.0,True,1.0
2025-08-02 00:00:00-04:00,-0.12630060603397747,-0.19838561685833356,0.9675313777107688,1.0,True,1.0
2025-08-03 00:00:00-04:00,-0.12630060603397747,-0.11296809065540189,0.976073130331062,1.0,True,1.0
2025-08-04 00:00:00-04:00,-0.12630060603397747,-0.1754561345836505,0.9698243259382371,1.0,True,1.0
2025-08-05 00:00:00-04:00,-0.12630060603397747,-0.044711559898491154,0.9828987834067532,1.0,True,1.0
2025-08-06 00:00:00-04:00,-0.12630060603397747,-0.049233128493542964,0.982446626547248,1.0,True,1.0
2025-08-07 00:00:00-04:00,-0.12630060603397747,0.015372237041042625,0.9820918762876633,1.0,True,1.0
2025-08-08 00:00:00-04:00,-0.12630060603397747,0.11143323410608158,0.9775926009285747,1.0,True,1.0
2025-08-09 00:00:00-04:00,-0.12630060603397747,0.13972115175252425,0.986087714033787,1.0,True,1.0
2025-08-10 00:00:00-04:00,-0.12630060603397747,0.12082786215903188,0.9816021834823978,1.0,True,1.0
2025-08-11 00:00:00-04:00,-0.12630060603397747,0.12742149761956395,0.9742145980854817,1.0,True,1.0
2025-08-12 00:00:00-04:00,-0.12630060603397747,0.05993224713288515,0.9793116978633224,1.0,True,1.0
2025-08-13 00:00:00-04:00,-0.12630060603397747,0.13324938281385287,0.9740700837037193,1.0,True,1.0
2025-08-14 00:00:00-04:00,-0.12705293905274648,0.17862745318988837,0.9717765368343979,1.0,True,1.0
2025-08-15 00:00:00-04:00,-0.12705293905274648,0.0546087160269239,0.9822199427888341,1.0,True,1.0
2025-08-16 00:00:00-04:00,-0.12705293905274648,0.007227703237164578,0.9880174764184418,1.0,True,1.0
2025-08-17 00:00:00-04:00,-0.12705293905274648,0.05175328012793794,0.9884720250345689,1.0,True,1.0
2025-08-18 00:00:00-04:00,-0.12705293905274648,-0.12101114362273085,0.9751935917324523,1.0,True,1.0
2025-08-19 00:00:00-04:00,-0.1277622816133001,-0.16785782352473036,0.970437989486197,1.0,True,0.8
2025-08-20 00:00:00-04:00,-0.1277622816133001,-0.13397796382738192,0.9738259754559319,1.0,True,1.0
2025-08-21 00:00:00-04:00,-0.1277622816133001,0.009600694734649449,0.9881838413121349,1.0,True,1.0
2025-08-22 00:00:00-04:00,-0.1277622816133001,0.005091911341440297,0.987732962972814,1.0,True,1.0
2025-08-23 00:00:00-04:00,-0.1277622816133001,0.16149372537614345,0.9783516076103169,1.0,True,1.0
2025-08-24 00:00:00-04:00,-0.1277622816133001,0.17787308999171733,0.9758245769201633,1.0,True,1.0
2025-08-25 00:00:00-04:00,-0.1677622816133001,0.22311475556463034,0.9801994716422766,1.0,True,1.0
2025-08-26 00:00:00-04:00,-0.1677622816133001,0.16358553627762096,0.9903472112090932,1.0,True,1.0
2025-08-27 00:00:00-04:00,-0.1677622816133001,0.23510134057318097,0.9807490804487227,1.0,True,1.0
2025-08-28 00:00:00-04:00,-0.1677622816133001,0.03759016986612203,0.9869827888252822,1.0,True,1.0
2025-08-29 00:00:00-04:00,-0.1677622816133001,0.02780313204283901,0.9860040850429538,1.0,True,1.0
2025-08-30 00:00:00-04:00,-0.1677622816133001,-0.04557160730409261,0.9786666111082607,1.0,True,1.0
2025-08-31 00:00:00-04:00,-0.1677622816133001,0.012936402156972743,0.9845174120543673,1.0,True,1.0
2025-09-01 00:00:00-04:00,-0.1677622816133001,0.02598408911838626,0.9773820628488457,1.0,True,1.0
2025-09-02 00:00:00-04:00,-0.1677622816133001,-0.003089726563785783,0.9751478163679154,1.0,True,1.0
2025-09-03 00:00:00-04:00,-0.1677622816133001,-0.02138541724817492,0.9748661435298163,1.0,True,1.0
2025-09-04 00:00:00-04:00,-0.1677622816133001,0.08441707032368245,0.9891789948359219,1.0,True,1.0
2025-09-05 00:00:00-04:00,-0.1677622816133001,0.03118339155530859,0.9863421109942008,1.0,True,1.0
2025-09-06 00:00:00-04:00,-0.15870999403160074,0.031459315177798985,0.9872749321146199,1.0,True,1.0
2025-09-07 00:00:00-04:00,-0.15870999403160074,0.005142401513299929,0.9846432407481699,1.0,True,1.0
2025-09-08 00:00:00-04:00,-0.15870999403160074,0.06827265274716413,0.9909562658715563,1.0,True,1.0
2025-09-09 00:00:00-04:00,-0.15870999403160074,0.18901579059494494,0.9932781732760043,1.0,True,1.0
2025-09-10 00:00:00-04:00,-0.15870999403160074,0.20178937611425513,0.9919419370542113,1.0,True,1.0
2025-09-11 00:00:00-04:00,-0.15870999403160074,0.2533682290493618,0.9862269244179122,1.0,True,1.0
2025-09-12 00:00:00-04:00,-0.16966630638110194,0.21185917133617543,0.9873250840229837,1.0,True,1.0
2025-09-13 00:00:00-04:00,-0.16966630638110194,0.18397220957492344,0.9815647681181668,1.0,True,1.0
2025-09-14 00:00:00-04:00,-0.16966630638110194,0.1291411356219801,0.9786025711187469,1.0,True,1.0
2025-09-15 00:00:00-04:00,-0.16966630638110194,0.23121189146046442,0.9809673582642799,1.0,True,1.0
2025-09-16 00:00:00-04:00,-0.16966630638110194,0.26318819859448583,0.9869927994048618,1.0,True,1.0
2025-09-17 00:00:00-04:00,-0.16966630638110194,0.20615190147148432,0.9901856820460042,1.0,True,1.0
2025-09-18 00:00:00-04:00,-0.1702358864398461,0.1625804774855545,0.9917790823581335,1.0,True,1.0
2025-09-19 00:00:00-04:00,-0.17077698749565304,0.14981382342877045,0.992630893599591,1.0,True,0.8
2025-09-20 00:00:00-04:00,-0.17077698749565304,0.023148382463337183,0.9852371394967685,1.0,True,1.0
2025-09-21 00:00:00-04:00,-0.17077698749565304,0.0776927758823567,0.9836918730369817,1.0,True,1.0
2025-09-22 00:00:00-04:00,-0.17077698749565304,0.04104918246629585,0.9864489731125368,1.0,True,1.0
2025-09-23 00:00:00-04:00,-0.17077698749565304,0.06439405350917252,0.9744387053533186,1.0,True,1.0
2025-09-24 00:00:00-04:00,-0.17077698749565304,0.019947554378248855,0.9757280030110052,1.0,True,1.0
2025-09-25 00:00:00-04:00,-0.17077698749565304,0.053953972568896134,0.9776998613535236,1.0,True,1.0
2025-09-26 00:00:00-04:00,-0.17077698749565304,-0.05994391975359382,0.9763721719213281,1.0,True,1.0
2025-09-27 00:00:00-04:00,-0.17077698749565304,-0.06125817482257431,0.9766453058639273,1.0,True,1.0
2025-09-28 00:00:00-04:00,-0.17077698749565304,-0.07947971769115092,0.9749743294813196,1.0,True,1.0
2025-09-29 00:00:00-04:00,-0.17077698749565304,0.0769864265094112,0.9806786523611438,1.0,True,1.0
2025-09-30 00:00:00-04:00,-0.17077698749565304,0.15987746837008537,0.9861820620581837,1.0,True,1.0
2025-10-01 00:00:00-04:00,-0.17077698749565304,0.19452442331656938,0.9865967433605393,1.0,True,1.0
2025-10-02 00:00:00-04:00,-0.17077698749565304,0.25402127925210305,0.9845148660541027,1.0,True,1.0
2025-10-03 00:00:00-04:00,-0.17077698749565304,0.2021331665688797,0.984888233573557,1.0,True,1.0
2025-10-04 00:00:00-04:00,-0.17982827874385965,0.13955608689214646,0.9868276308551882,1.0,True,1.0
2025-10-05 00:00:00-04:00,-0.17982827874385965,0.09592203550160208,0.9814163825126467,1.0,True,1.0
2025-10-06 00:00:00-04:00,-0.17982827874385965,0.214786301204234,0.9776764114299503,1.0,True,1.0
2025-10-07 00:00:00-04:00,-0.17982827874385965,0.17639643069832484,0.9835423813169286,1.0,True,1.0
2025-10-08 00:00:00-04:00,-0.17982827874385965,0.030864586874379603,0.9698508468513816,1.0,True,1.0
2025-10-09 00:00:00-04:00,-0.17982827874385965,0.06758448968202073,0.9760581297152588,1.0,True,1.0
2025-10-10 00:00:00-04:00,-0.17982827874385965,0.0011906901390477415,0.9768065623268891,1.0,True,1.0
2025-10-11 00:00:00-04:00,-0.17982827874385965,-0.2309974430588607,0.9589174278197279,1.0,True,1.0
2025-10-12 00:00:00-04:00,-0.17982827874385965,-0.22000269567283537,0.9600169025583305,1.0,True,1.0
2025-10-13 00:00:00-04:00,-0.17982827874385965,-0.04976205729668784,0.9675582099474596,1.0,True,1.0
2025-10-14 00:00:00-04:00,-0.17982827874385965,-0.008545454075489204,0.964494967144284,1.0,True,1.0
2025-10-15 00:00:00-04:00,-0.17982827874385965,-0.03616700421923781,0.9643028261461193,1.0,True,1.0
2025-10-16 00:00:00-04:00,-0.17178188945643735,0.1998295739091785,0.983337370433002,1.0,True,1.0
2025-10-17 00:00:00-04:00,-0.17178188945643735,0.05669813370331445,0.9798458421041187,1.0,True,1.0
2025-10-18 00:00:00-04:00,-0.17178188945643735,-0.10665380799309375,0.9721564302550469,1.0,True,1.0
2025-10-19 00:00:00-04:00,-0.17178188945643735,-0.13959482448550883,0.9688623286058053,1.0,True,1.0
2025-10-20 00:00:00-04:00,-0.17178188945643735,-0.021608836851468,0.9762773541233623,1.0,True,1.0
2025-10-21 00:00:00-04:00,-0.17178188945643735,0.00024033600027609237,0.9779855685775579,1.0,True,1.0
2025-10-22 00:00:00-04:00,-0.17178188945643735,-0.12488724639993622,0.9703330864143627,1.0,True,1.0
2025-10-23 00:00:00-04:00,-0.17178188945643735,-0.1548535586671867,0.9673364551876376,1.0,True,1.0
2025-10-24 00:00:00-04:00,-0.17178188945643735,-0.06110501939593293,0.976711309114763,1.0,True,1.0
2025-10-25 00:00:00-04:00,-0.17178188945643735,-0.12474812323207513,0.9703469987311487,1.0,True,1.0
2025-10-26 00:00:00-04:00,-0.17178188945643735,-0.043786109184023106,0.978443200135954,1.0,True,1.0
2025-10-27 00:00:00-04:00,-0.17178188945643735,0.045055949985316854,0.987327406052888,1.0,True,1.0
2025-10-28 00:00:00-04:00,-0.17178188945643735,0.13192013904452965,0.9848705451560458,1.0,True,1.0
2025-10-29 00:00:00-04:00,-0.17178188945643735,0.051828089533626207,0.9778619564123339,1.0,True,1.0
2025-10-30 00:00:00-04:00,-0.17224928571726728,0.042525306441632243,0.9714083671466225,1.0,True,1.0
2025-10-31 00:00:00-04:00,-0.16534398095970532,0.03033816450716087,0.981736971059264,1.0,True,1.0
2025-11-01 00:00:00-04:00,-0.16534398095970532,-0.06763474993151075,0.9767021269108783,1.0,True,1.0
2025-11-02 00:00:00-04:00,-0.16534398095970532,-0.09520750373347782,0.9739448515306817,1.0,True,1.0
2025-11-03 00:00:00-05:00,-0.16534398095970532,-0.14917330062278963,0.9685482718417504,1.0,True,1.0
2025-11-04 00:00:00-05:00,-0.16534398095970532,-0.17225574084895012,0.9662400278191344,1.0,True,1.0
2025-11-05 00:00:00-05:00,-0.16534398095970532,-0.2660343871691806,0.9568621631871114,1.0,True,1.0
2025-11-06 00:00:00-05:00,-0.16534398095970532,-0.1611321368375733,0.9654787241196219,1.0,True,1.0
2025-11-07 00:00:00-05:00,-0.16534398095970532,-0.18578569741436612,0.9648870321625928,1.0,True,1.0
2025-11-08 00:00:00-05:00,-0.15831215373606225,-0.14675527474164576,0.9694932571522291,1.0,True,1.0
2025-11-09 00:00:00-05:00,-0.15831215373606225,-0.13510882727078743,0.9706579018993151,1.0,True,1.0
2025-11-10 00:00:00-05:00,-0.15831215373606225,0.07523001187343645,0.9863529009010729,1.0,True,1.0
2025-11-11 00:00:00-05:00,-0.15831215373606225,0.10119738952513954,0.9905248139408646,1.0,True,1.0
2025-11-12 00:00:00-05:00,-0.15831215373606225,0.10215347384661995,0.9882090262849167,1.0,True,1.0
2025-11-13 00:00:00-05:00,-0.15831215373606225,0.09860090799265264,0.9796976529249621,1.0,True,1.0
2025-11-14 00:00:00-05:00,-0.15902636171342527,-0.12422893004778669,0.9716744708238788,1.0,True,1.0
2025-11-15 00:00:00-05:00,-0.15902636171342527,-0.17710783101737235,0.9663865807269203,1.0,True,1.0
2025-11-16 00:00:00-05:00,-0.15902636171342527,-0.20562881611108708,0.9635344822175488,1.0,True,1.0
2025-11-17 00:00:00-05:00,-0.15902636171342527,-0.17636580698749985,0.9664607831299075,1.0,True,1.0
2025-11-18 00:00:00-05:00,-0.1597108110250648,-0.34734309243875827,0.9492946096536177,1.0,True,0.8
2025-11-19 00:00:00-05:00,-0.1597108110250648,-0.26372144105854245,0.9576567747916392,1.0,True,1.0
2025-11-20 00:00:00-05:00,-0.1597108110250648,-0.14484178143480178,0.9695447407540134,1.0,True,1.0
2025-11-21 00:00:00-05:00,-0.1597108110250648,-0.24338576223528785,0.9596903426739647,1.0,True,1.0
2025-11-22 00:00:00-05:00,-0.1597108110250648,-0.24275834201349028,0.9597530846961444,1.0,True,1.0
2025-11-23 00:00:00-05:00,-0.1597108110250648,-0.17069798525327057,0.9669591203721665,1.0,True,1.0
2025-11-24 00:00:00-05:00,-0.1597108110250648,-0.17141991527866954,0.9668869273696266,1.0,True,1.0
2025-11-25 00:00:00-05:00,-0.1597108110250648,-0.011439603373146812,0.9793153371421314,1.0,True,1.0
2025-11-26 00:00:00-05:00,-0.1597108110250648,0.10238940520833609,0.9854701028707686,1.0,True,1.0
2025-11-27 00:00:00-05:00,-0.1597108110250648,0.25455396981531986,0.9863031910227078,1.0,True,1.0
2025-11-28 00:00:00-05:00,-0.1597108110250648,0.06188204533380678,0.9877255986740047,1.0,True,1.0
2025-11-29 00:00:00-05:00,-0.1597108110250648,0.11306720156909017,0.9850974584235848,1.0,True,1.0
2025-11-30 00:00:00-05:00,-0.1597108110250648,-0.09957435621212431,0.9740714832762811,1.0,True,1.0
2025-12-01 00:00:00-05:00,-0.1597108110250648,-0.060313981133613095,0.9651445703926211,1.0,True,1.0
2025-12-02 00:00:00-05:00,-0.1597108110250648,-0.10149048564274855,0.9644121832907783,1.0,True,1.0
2025-12-03 00:00:00-05:00,-0.1597108110250648,0.06362425404750559,0.9793711912975773,1.0,True,1.0
2025-12-04 00:00:00-05:00,-0.1597108110250648,0.14904192929568036,0.9934623921134188,1.0,True,1.0
2025-12-05 00:00:00-05:00,-0.1597108110250648,0.07836383177531925,0.9882885573827636,1.0,True,1.0
2025-12-06 00:00:00-05:00,-0.1603673236301068,0.03991346480811383,0.9879546141178006,1.0,True,1.0
2025-12-07 00:00:00-05:00,-0.1603673236301068,0.016479482297813933,0.9856112158667708,1.0,True,1.0
2025-12-08 00:00:00-05:00,-0.1603673236301068,0.06293945407296166,0.9819400074424031,1.0,True,1.0
2025-12-09 00:00:00-05:00,-0.1603673236301068,0.03648046980692478,0.9829893476556743,1.0,True,1.0
2025-12-10 00:00:00-05:00,-0.1603673236301068,0.13478333763179715,0.9888479899714517,1.0,True,1.0
2025-12-11 00:00:00-05:00,-0.1684658571611663,0.197665106138248,0.9908605112346945,1.0,True,1.0
2025-12-12 00:00:00-05:00,-0.1684658571611663,0.24686109061829484,0.9849591644457136,1.0,True,1.0
2025-12-13 00:00:00-05:00,-0.1684658571611663,0.04443201714057467,0.9875966159979408,1.0,True,1.0
2025-12-14 00:00:00-05:00,-0.1684658571611663,0.017253514467129333,0.9848787657305963,1.0,True,1.0
2025-12-15 00:00:00-05:00,-0.1684658571611663,0.04204853299566844,0.9771711274101729,1.0,True,1.0
2025-12-16 00:00:00-05:00,-0.1684658571611663,-0.011100340603634852,0.9756655699403104,1.0,True,1.0
2025-12-17 00:00:00-05:00,-0.1684658571611663,-0.01508845244077554,0.9721155885408754,1.0,True,1.0
2025-12-18 00:00:00-05:00,-0.1684658571611663,-0.01966070092503268,0.9650940625228068,1.0,True,1.0
2025-12-19 00:00:00-05:00,-0.1693494070295043,-0.061135233217069984,0.9748167636000735,1.0,True,0.8
2025-12-20 00:00:00-05:00,-0.1693494070295043,-0.04922884627702973,0.9781421746693466,1.0,True,1.0
2025-12-21 00:00:00-05:00,-0.1693494070295043,0.022663146092761446,0.9853313739063256,1.0,True,1.0
2025-12-22 00:00:00-05:00,-0.1693494070295043,0.13895735001949103,0.985392340148294,1.0,True,1.0
2025-12-23 00:00:00-05:00,-0.1693494070295043,0.1577296436802073,0.9814668926837576,1.0,True,1.0
2025-12-24 00:00:00-05:00,-0.1693494070295043,0.13169960552505533,0.9767957140281698,1.0,True,1.0
2025-12-25 00:00:00-05:00,-0.1693494070295043,0.0902689284585628,0.9770502388410074,1.0,True,1.0
2025-12-26 00:00:00-05:00,-0.1693494070295043,0.05371026071291292,0.9784531863693192,1.0,True,1.0
2025-12-27 00:00:00-05:00,-0.1693494070295043,0.029792156185352553,0.9751735947012887,1.0,True,1.0
2025-12-28 00:00:00-05:00,-0.1693494070295043,-0.05920704662082806,0.9771443546349667,1.0,True,1.0
2025-12-29 00:00:00-05:00,-0.1693494070295043,0.19469804229372875,0.978770421041937,1.0,True,1.0
2025-12-30 00:00:00-05:00,-0.1693494070295043,0.012760822127448713,0.975443899568498,1.0,True,1.0
2025-12-31 00:00:00-05:00,-0.1693494070295043,-0.016447233645263175,0.9814203359325232,1.0,True,1.0
2026-01-01 00:00:00-05:00,-0.1693494070295043,-0.11160997544440597,0.971904061752609,1.0,True,1.0
2026-01-02 00:00:00-05:00,-0.1693494070295043,0.05347060164932193,0.9845632281924931,1.0,True,1.0
2026-01-03 00:00:00-05:00,-0.1693494070295043,-0.0232461366309719,0.9798372768941566,1.0,True,1.0
2026-01-04 00:00:00-05:00,-0.1693494070295043,0.10581556829338308,0.9809509728191864,1.0,True,1.0
2026-01-05 00:00:00-05:00,-0.1693494070295043,0.25631405122264656,0.9732392553587454,1.0,True,1.0
2026-01-06 00:00:00-05:00,-0.1693494070295043,0.3575787162731213,0.9666871401006865,1.0,True,1.0
2026-01-07 00:00:00-05:00,-0.1693494070295043,0.3310352513108467,0.9705889827867804,1.0,True,1.0
2026-01-08 00:00:00-05:00,-0.1693494070295043,0.22127939686686157,0.9800027082436285,1.0,True,1.0
2026-01-09 00:00:00-05:00,-0.1693494070295043,0.12402319023057813,0.9871637116309346,1.0,True,1.0
2026-01-10 00:00:00-05:00,-0.16328515743029356,0.052965101760759956,0.9889679944330465,1.0,True,1.0
2026-01-11 00:00:00-05:00,-0.16328515743029356,-0.03609074563399108,0.9800624096935716,1.0,True,1.0
2026-01-12 00:00:00-05:00,-0.16328515743029356,0.12353196802227895,0.9843352536572543,1.0,True,1.0
2026-01-13 00:00:00-05:00,-0.16328515743029356,0.1799975858931489,0.9822907312572393,1.0,True,1.0
2026-01-14 00:00:00-05:00,-0.16328515743029356,0.3135123028789614,0.9709828461043579,1.0,True,1.0
2026-01-15 00:00:00-05:00,-0.16328515743029356,0.2266861335948421,0.9750440131268632,1.0,True,1.0
2026-01-16 00:00:00-05:00,-0.15744142599832683,0.1498894914611396,0.9831463986784127,1.0,True,1.0
2026-01-17 00:00:00-05:00,-0.15744142599832683,0.12337779319685116,0.9840328449247491,1.0,True,1.0
2026-01-18 00:00:00-05:00,-0.15744142599832683,0.09366255506377161,0.9827616731937064,1.0,True,1.0
2026-01-19 00:00:00-05:00,-0.15744142599832683,0.051454005079079684,0.9810512252904278,1.0,True,1.0
2026-01-20 00:00:00-05:00,-0.15805639926035892,0.09745803912558045,0.9762665658966367,1.0,True,0.8
2026-01-21 00:00:00-05:00,-0.15805639926035892,0.0012726017577880736,0.9658581789472291,1.0,True,1.0
2026-01-22 00:00:00-05:00,-0.15805639926035892,0.05205018805892451,0.9744813114303739,1.0,True,1.0
2026-01-23 00:00:00-05:00,-0.15864979451319688,0.014008908875300057,0.9705800279809982,1.0,True,1.0
2026-01-24 00:00:00-05:00,-0.15864979451319688,0.018205450218908042,0.9786989993765491,1.0,True,1.0
2026-01-25 00:00:00-05:00,-0.15864979451319688,-0.10222320929103752,0.9739126996195766,1.0,True,1.0
2026-01-26 00:00:00-05:00,-0.15864979451319688,0.08682494992573571,0.9675521578552388,1.0,True,1.0
2026-01-27 00:00:00-05:00,-0.15864979451319688,0.13091951987656472,0.9709273963098162,1.0,True,1.0
2026-01-28 00:00:00-05:00,-0.15864979451319688,0.2165944764371732,0.9716524212050972,1.0,True,1.0
2026-01-29 00:00:00-05:00,-0.1592227278607646,0.23288815576076652,0.9678527863196419,1.0,True,1.0
2026-01-30 00:00:00-05:00,-0.15461780200863584,-0.0013069446461500467,0.9676298593349247,1.0,True,1.0
2026-01-31 00:00:00-05:00,-0.15461780200863584,-0.232097563515111,0.9613284634476253,1.0,True,1.0
